Hansen Properties | Normandy Farm | Blue Bell Country Club
"Parker, Smith, and Feek."
American Councils for International Education
Dimmitt Automotive Group
"Decisive Communications, Inc."
Credit Union National Association
Chapin International
A. Zerega's Sons Inc.
Sadler's Smokehouse Ltd
Central Bank Utah
Shore United Bank
"Consulting, Legal"
Buckeye International
"Chase Brass and Copper Company, LLC"
Essinitial Enterprise Solutions
"Wellborn Forest Products, Inc."
LDV Hospitality
Hanscom Federal Credit Union
FGS Inc.
T. Parker Host
K&L Microwave
Carus Corporation
Northeast Credit Union
BRPH
Yupi Internet
Frandsen Bank & Trust
ICOM Communication and Information
Joseph Gallo Farms
Beverage Distributors
Sullivan Solar Power
PTI Royston
Gunster
"Association, Health Care"
Andrews
Stanley Martin Homes
"Barge, Waggoner, Sumner and Cannon, Inc."
"Broadcasting, Internet, Video"
Newbury Comics
"Fashion, Lifestyle"
Parker Poe
"BR Williams Trucking, Inc."
Maggy London Inc.
DRT Strategies
Prismview
Elliott Aviation
Newcomb Spring Corp.
Midwest Memorial Group
Jones|Carter
EDENS
Perry ProTech
First Citizens Bank (FCB)
Arper
"Nova Group, Inc."
"Municipal Emergency Services, Inc. (MES)"
Caduceus Healthcare
J.W. Pepper & Son
Beverage-Air
"Schwabe, Williamson & Wyatt"
Gershman Mortage
Advantage Medical Professionals
G/M Business Interiors
Brüel & Kjær Vibro
"Pro-Sphere Tek, Inc. (ProSphere)"
D&W Diesel Inc.
"Marketing, Transportation"
Sullivan & Worcester LLP.
Woodward Communications
Superior Graphite
ITA International
ABB
Norway Savings Bank
Feed My Starving Children
Paraco Gas Corporation
Freudenberg Oil & Gas Technologies
"APG Electric, Inc."
Manufacturing
OTC Global Holdings
"Zetec, Inc."
Crane Nuclear
CHAS Health
Minneapolis Institute of Art
"AM Technical Solutions, Inc"
KS StateBank
7 17 Credit Union
Howard Supply Company
Clarion Hospital
Real Estate
Western Technologies Inc.
Transaxle LLC
Home Warranty of America
Rochester Midland
The Union Bank Co.
Merry X-Ray
Epic Aircraft
Manufacturing
Lawley
Multi-Pack Solutions
Winner Automotive Group
Connexus Credit Union
RISO
Thompson Creek Window Company
Alameda Electrical Distributors
Ashley Addiction Treatment
"Foley & Mansfield, PLLP"
"Logistics, Transportation"
"Champion Realty, Inc."
SGM
Zumbiel Packaging
"Power Grid Engineering, LLC"
"DS Graphics, Inc."
First Entertainment Credit Union
Iowa Student Loan
Ion Bank
"AE2S (Advanced Engineering and Environmental Services, Inc.)"
"Benchmark Realty, LLC"
FABco
"Fishbeck, Thompson, Carr & Huber, Inc. (FTCH)"
"Advertising, Consumer Goods, E-Commerce, Internet, Marketing"
Lochner
Butech Bliss
Bellingham Marine
"Rotor Clip Co., Inc."
TruStone Financial
Yaskawa - Solectria Solar
"CymSTAR, LLC"
"PeoplesBank, A Codorus Valley Company"
Barge Design Solutions
Manufacturing
Tri City National Bank
Bradford Company
AFD Contract Furniture Inc.
Tri-Point Oil & Gas Production Systems
"Shelly Enterprises a Division of US LBM Holdings, LLC"
Mascoma Savings Bank
Petro Star Inc.
P&K Equipment
Nex-Tech
"Financial Services, Insurance"
Non Profit
"Biotechnology, Pharmaceutical"
Manufacturing
"Channellock, Inc."
Transportation
"Consulting, Legal, Real Estate"
Insight Financial Services
Polygon Company
AdMediary
Inland Bank and Trust
Terracare Associates
CrossCom
Petoskey Plastics
Smalley
Ohmite Manufacturing
Det-tronics
Britten Studios
Axium Healthcare Pharmacy
Woof Gang Bakery
Sports
Canterbury League Club
MA Ford Mfg Co
Miller Bros Solar
Associated Credit Union
Minnesota Adult & Teen Challenge
Penn Community Bank
Arrow Strategies
Monaco Coach Corp
Aston Technologies
NSM LLC
LuLu's
"New Sunshine, LLC"
Eagle Communications
V3 Companies
EAM-Mosca Corp.
Wayne Bank
"Agriculture, Food and Beverage"
Saiia Construction Company
Consulting
"Hutson, Inc."
ClarkDietrich Building Systems
"Preferred Credit, Inc."
Remco Inc.
Cochener Garvey Capital Partners
Founders Insurance Company
Digital Enterprise
"E&E Manufacturing Co, Inc."
"Association, Communities, Fitness, Health Care"
Republic Plastics
ResourceOne
Food and Beverage
Dan Ryan Builders
Transportation
Vernon Graphics & Promotions
ICOM Mechanical Inc.
NPS Corporation
Sutter Roofing Company
MEIKO
Mission Federal CreditUnion
Kaplan Trucking Company
CenCal Health
MSS Group
MAPFRE Middlesea
L&N Federal Credit Union
"Constangy, Brooks, Smith & Prophete, LLP"
Daiwa Capital Markets
"SACHEM, Inc"
Enstrom Helicopter Corporation
Mason-McDuffie Mortgage
Rentex Audio Visual & Computer Rentals
VFP
Cornell Scott-Hill Health Center
"Banking, Financial Services"
Hapco Farms
Lake Trust Credit Union
"Manufacturing, Product Design, Retail"
Novelty Inc.
Best Formulations
"Automotive, Transportation"
AgSouth Farm Credit
The Custom Goods Companies
AHW LLC
McGlinchey Stafford
"Logistics, Transportation"
LBS Financial Credit Union
"Automotive, Electronics, Logistics, Manufacturing, Transportation"
"J.F. Brennan Company, Inc."
Aspen Valley Hospital
HANSAINVEST
Cullen and Dykman LLP
Therm-O-Type
AFCO Industries
Compressor Engineering Corporation
SEKRI
Associated Bag
Approved Cash Advance
SEKISUI SPI
"Banking, FinTech"
Nihon Kohden America - Monitoring
KTVK
"PESystems, Inc."
Piazza Produce
Taylor Communications
North Carolina Department of Environmental Quality
Artcraft Promotional Concepts
"Information Technology, Software"
Crimson Wine Group
Aloft AeroArchitects
"Energy, Manufacturing, Real Estate, Renewable Energy"
Hospice & Palliative Care Charlotte Region
VR Business Brokers
Iowa Fertilizer Co LLC
LDF Sales and Distributing
International Environmental Corporation
AccuQuest Hearing Centers
Real Estate
Applied Maintenance Supplies & Solutions
"Building Material, Financial Services, Real Estate"
Molded Fiber Glass (MFG) Companies
PADF
Diamond Chain Company
Plasser American
Tri-North Builders
iSoftStone
Real Estate
Urbana School District 116
"NÌÈby‰ã¢ / Luv n' careå¨, Ltd."
Patrick Engineering
Asurea
"Advertising, Product Design"
"Apps, Health Care, iOS, Mobile, Mobile Apps, Sports"
Norris McLaughlin & Marcus
"B&D Industries, Inc."
LatCapital Solutions. VAR & Service Partner de SAP
"Frederic Printing, an RR Donnelley Company"
Suntec Concrete
Hawthorne Global Aviation Services
Wayne HealthCare
Benesch
BKF Engineers
Loudoun Water
Bank of Springfield
DuPont Community Credit Union
Cooperative Response Center
National Foam Inc
Etnyre
Willy Street Co-op
Search Engine
292.
Advanton Inc.
Bingham Greenebaum Doll LLP
Lincoln Harris
Urban Airship Inc
Security 1st Title
"Information Technology, Real Estate"
Modernfold
Utility Partners of America
Southwest Funding
Schoeneck Containers
"E-Commerce, Retail"
Advanced Roofing
First Community
Sumaria Systems
Hill York Air Conditioning Services and Energy Solutions
Real Estate
"Sudenga Industries, Inc."
Obit
"Bancroft Bag, Inc."
McLean Packaging Corporation
West American Rubber
SET Environmental
Pape-Dawson Engineers
"Pacesetter Claims Service, Inc"
Marlite
Total Mechanical
"Government, Manufacturing"
First National Santa Fe
University Bank
FSA Logistix Inc.
Myron Steves
FlorStar Sales Inc.
Desert Radiology
Nobelclad
S. Martinelli & Company
"KWI (KW International, LLC)"
Collins Electrical
SJE-Rhombus
Tech Tammina
Parker School Uniforms
"Consumer Electronics, Electronics, Manufacturing"
National Field Representatives
Baker Nissan
SWECO
Consulting
"Consulting, Human Resources"
The Parts House
Talent Logic Inc.
WDIV
"Health Care, Medical"
Davidson Technologies
Seminole Gaming
"Banking, Non Profit"
Eggers Industries
"H. E. Williams, Inc."
"Energy, Manufacturing, Real Estate, Renewable Energy"
Emerald Packaging
TGM Associates
Darling Homes
"Education, Health Care"
"Hal Hays Construction, Inc."
Utah Community Credit Union
W. O. Grubb Crane Rental
Cavalier Distributing
"netPolarity, Inc."
D. C. Taylor
Consulting
Perryman Company
Direct Financial Solutions
Colortech
Henry Schein Orthodontics
Nisshinbo Automotive MFG Inc
Camelot Community Care
"Wood, Smith, Henning & Berman LLP"
MTech Mechanical
South Central Bank
Hawaii State Federal Credit Union
States Industries
Sprung Structures
"3D Printing, Consumer Goods, Manufacturing, Retail"
"Building Material, Real Estate"
Keller Technology Corporation
Learning Co
Lift-All
Atlantic Container Line
R&H Construction
Greem power
New Hampshire Mutual Bancorp
Effingham Health System
Altaquip
Freije-RSC Engineered Solutions Co.
"McKim & Creed, Inc."
"Constructors, Inc."
"Door Control Services, Inc."
Associated Grocers of New England
Carolina Skiff
Century 21 American Homes
"Tire's Warehouse, Inc."
"Matera Paper Company, Inc."
Travel
Beacon
The Beistle Company
Noritsu
"INTEC Communications, LLC"
Trihydro
Rauland
"MPD, Inc."
SyApps
Winzer Corporation
Allied Vaughn
Food Delivery
Robinson Bradshaw & Hinson
FLC Capital Advisors
Ibis Tek
"VITEC, LLC"
R.F. MacDonald
Scott Credit Union
Maui Electric Company
Manufacturing
First Cal
JBI Interiors
News-Leader Media Group
D. L. Evans Bank
Mortgage Works Systems
Bane-Welker Equipment
Republic Metals Corporation
Weitz & Luxenberg
"Underwood Bros., Inc. dba/ AAA Landscape"
Community National Bank & Trust
Baker Electric Solar
Health Care
HGL
"Impact Confections, Inc."
United Dairymen of Arizona
Rain CII Carbon LLC
Nor-Cal Products
"Hi-Tech Mold & Engineering, Inc."
The Father's Table
The Lincoln Journal Star
"Advice, Law Enforcement"
MSGCU
"M&M Transport Services, Inc."
CSP Technologies
Thirteen.org
Eaco Corp
Rick Engineering Company
New Jersey SPORTS & Exposition Authority
David Douglas School District
Charter School For Applied Technologies
442.
"Consumer Goods, E-Commerce, Real Estate"
Strand Associates
Terlato Wine Group
"Manufacturing, Product Design"
Manufacturing
Financial Services
NCFI Polyurethanes
Callen-Lorde
Home Telephone Company
Critical Electric Systems Group
"Ryan Transportation Service, Inc."
"Kalas Manufacturing, Inc."
RSNA Radiological Society of North America
"Energy, Renewable Energy"
FISBA
Huy Fong Foods
Real Estate
Maspeth Federal Savings
"Greenbrier Valley Medical Center, Ronceverte, WV"
DB Consulting Group
"Financial Services, Real Estate, Venture Capital"
Heyl Truck Lines
A&H Manufacturing
Guimarra Companies
"Capco, LLC"
Manufacturing
Real Estate
Hammond's Candies
First Community Credit Union of Houston Texas
Hometex
Goodfellow Top Grade Construction
Tuscarora Intermediate Unit
United Chemi-Con Inc.
City of Merced
White Electrical Construction Company
United Agencies
FordHarrison
ROMCO Equipment Co.
Stowers Machinery Corporation
Holloway Sportswear
Dent Neurologic Institute
Government
PK Management
"Solution One Industries, Ltd."
APR Supply Co.
MORRIS Architects | A Huitt-Zollars Company
United Trailers
Dallas Market Center
The Entwistle Company
Real Estate
Smyth Automotive Parts Plus
Minnesota Wild
Hudson Technologies
4 Rivers Equipment
Acopia Capital Group
FIS Outdoor
Coast Sign Inc
Dealers Electrical Supply
Epresence.com
Hubbardton Forge
Muncie Power Products
"Biotechnology, Health Care, Medical, Pharmaceutical"
Jacksonville.com
MountainOne
"Automotive, Manufacturing"
Al Hendrickson Toyota Scion
EMI Industries
Grand Dynamics International
Erie County Water Authority
Powercon Corporation
KW Plastics
California Coast Credit Union
Think Mutual Bank
McClure Company
"Archer & Greiner, P.C."
Appeara
Family Health West
Monroe Tractor & Implement Co.
"National Association of College and University Residence Halls, Inc."
"Anderson-Cook, Inc."
American Grill
Pleasant Holidays
Health Integrity
"Biotechnology, Medical, Pharmaceutical"
"HOPE'S WINDOWS, INC."
BenefitVision
Aristocrat Motors
Grunau Company
Allmetal
Jackson Kelly PLLC
"Baylor Trucking, Inc"
Elephants Delicatessen
WireMasters
"Milham Ford Toyota Scion (Koch Holdings, Inc)"
Hansgrohe North America
Real Estate
"Moran Environmental Recovery, LLC"
"FGMK, LLC"
Ryan
"Miller Sierra Contractors, Inc."
"Pro-Face America, Inc."
Titan Solar Power
Consulting
Excell Marketing
Fisher Printing Inc.
DOME Print and Marketing Solutions
Caffey Distributing Company
Wells Lamont Industrial
W3R Consulting
Valley Wide Beverage
Tlc
"Human Resources, Staffing Agency"
"KDH Defense Systems, Inc."
Information Technology
Satco
Central Minnesota Credit Union
GeoControl Systems
Bradley Real Estate
Tru Vue
"Hornady Transportation, LLC"
Stark & Stark
Matric Limited
SPIROL
Sam Carbis Solutions Group
Phillips Lytle LLP
SOFX
Western State Bank
Minitubes
Agent Legal
Magee Rehabilitation
HB&G Building Products
Real Estate
Telecommunications
CeramTec North America
McDavid
Gibco Motor Express
Inspire Center Solutions
Community Housing Partners Corporation
TCW
Marshall & Sterling Enterprises
Pursuit of Excellence
"Banking, Financial Services, Insurance, Security"
TVFCU
"Advertising, Government"
Ntk Precision Axle
"Tokusen USA, Inc"
Nolan Real Estate Services
"Frank Lill & Son, Inc."
So Others Might Eat
Manufacturing
APCU
Manufacturing
"Information Technology, Manufacturing"
Thompson Engineering
SPX Heat Transfer LLC
"J. Ranck Electric, Inc."
Signet Maritime Corporation
Worth Investment Group
Florida Luxury Realty
"Computer, Consumer Electronics, Electronics, Manufacturing"
Morgan Corp.
"CRM, Information Technology"
Sauder
"Central Maintenance and Welding, Inc."
"Wilentz, Goldman & Spitzer, P.A."
Bodine Electric of Decatur
Southern Staircase
Cornerstone Bank
F&M Trust
Real Estate
Waldemar S. Nelson & Co.
United Enertech
Dove Healthcare - Wissota Health and Regional Vent Center
Real Estate
Z-Axis Tech Solutions Inc.
HealthQuest Physical Therapy and Medical Fitness
EE Technologies
Judson Services
Corbin Russwin
Brunswick Auto Mart
Point Medical Corporation
SMEUSA
Taylor Forge Engineered Systems
CPPI
Alexandria Toyota
Paragon D&E
"Critchfield Mechanical, Inc."
Bard Materials
631.
Diversified Roofing
"Universal Recycling Technologies, LLC."
Oneida Health
North Atlantic
"Health Care, Insurance"
—
Terra Universal
Geary Pacific Supply
FSIoffice
Bay Cities Paving & Grading
Wall Colmonoy
Superior Tire & Rubber Corp
"von Briesen & Roper, s.c."
"Banking, Financial Services, FinTech, Venture Capital"
Windsor Vineyards
"Automotive, Logistics"
Hendrick Honda
"Building Material, Consulting, Government, Real Estate"
Stites & Harbison
Times-Union Media
Irwin Seating Company
Madison Memorial Hospital
The M.K. Morse Company
Storm Shield
Consumers Concrete
Combined Transport
"Financial Services, Information Technology"
Real Estate
"WATERS International Trucks, Truck and Tractor"
"Association, Health Care"
Security Mutual Life Insurance
"Cox, Castle & Nicholson LLP"
Wade Trim
The K&D Group
Huen Electric
Andrus Transportation
Redhook Ale Brewery Inc
Capital for Merchants
Cobra BEC Inc.
Real Estate
Berg Steel Pipe
State Bank of Southern Utah
Orlando Baking Company
"Greensfelder, Hemker & Gale, P.C."
Achieva Credit Union
"Royal Tire, Inc."
Spartan Logistics
Sanders Brothers
Real Estate
"PKF-Mark III, Inc."
"Banking, Financial Services, Insurance"
Unified Investigations & Sciences
Bruker Energy & Supercon Technologies
Crazy Shirts
BAC Florida Bank
Port of Tacoma
"Donjon Marine Co., Inc."
Signs Now
National Recovery Agency
Timberline Lodge & Ski Resort
Andreini & Co
"Hirshfield's, Inc."
"KNME-TV, New Mexico PBS"
BTree Solutions Inc
"Fahrner Asphalt Sealers, LLC."
Taylor Shellfish Farms
"Communities, Software"
Skyworks Equipment
Tactair Fluid Controls Inc.
Edison Lithograph & Printing Corp.
"Countywide Mechanical Systems, Inc."
Association
"Real Estate, Virtual Reality, Wearables"
"Northwest Mechanical, Inc."
Consulting
TTCU
Musco Family Olive
"Building Material, Energy, Real Estate, Renewable Energy, Solar"
Jamco America
CAP Tulsa
Knauz Automotive
"Voss Industries, LLC"
"Burkes Mechanical, Inc."
Kinzler Construction Services
"Manufacturing, Real Estate"
KPM Industries
Pacific Logistics
Sports South LLC
Environmental Products & Services of Vermont
Antelope Oil Tool
"Consumer Electronics, Electronics, Hardware, Manufacturing, Product Design, Web Design"
Atronix
"The Lighthouse for the Blind, Inc."
The International Foundation for Electoral Systems
"Mid-Continental Restoration Company, Inc."
Iroquois Industries Inc.
JWF Industries
Systel Business Equipment
"J.H. Berra Construction Co., Inc."
MGM Industries
"Industrial Steel Construction, Inc."
"Patriot Erectors, Inc."
"Logistics, Transportation"
SmithAmundsen
The Corky McMillin Companies
Blue Sky Therapy
Center For Elders Independence
"Koch Specialty Plant Services, LLC"
Ventech Engineers
DWF
KTGY Architecture + Planning
Consulting
Columbus Distributing
Ernie Els Design
Advertising
Carr Business Systems
Datron World Communications
The Finger Companies
Valveworks USA
Saline Health System
Aluf Plastics
Child Care Aware of America
iFreedom Direct
JBL ELECTRIC INC
Real Estate
Episcopal Academy
—
"Banking, Financial Services, Venture Capital"
Arcom Digital
First Security Bank of Batesville
Western Beverage
Consulting
POAH Communities
"Weastec, Inc."
Bonland Industries
Mesker Openings Group
Las Colinas Medical Center
Town East Ford
BCH Mechanical Inc.
SMIL
Navarro Research and Engineering
Kaysun Corporation
BNH Property Management
MWRI
Pacific Choice
Southwest Transplant Alliance
"Burnette Foods, Inc."
"Automotive, Logistics, Manufacturing"
International Fire Protection
"Building Material, Real Estate"
Duphil
S & M Moving Systems
Maudlin International Truck & Trailer
CBG Building Company
Armando Montelongo Companies
Real Estate
Wayne Memorial Hospital
VMD
Total Resource Auctions
CF Real Estate Services
Vertical Limit
Pieper-Houston Electric
Van Groningen & Sons
Modern Transportation Services
United Entertainment
Dorfman Pacific
"COST of Wisconsin, Inc."
Cagwin & Dorward
RQ Construction
Columbus Equipment Company
AMACS Process Tower Internals
"Jofco, Inc."
Mercury Products
Pacific Aviation
"Building Material, Real Estate"
Bristol Alliance of Companies
Keller Williams McLean | Great Falls
Ritz Craft Custom Homes
Williams Bros. Health Care Pharmacy
Christenson Electric
BookkeeperGirl
Comfort Windows
Hospice of Michigan
Port Nola
"Titan Transfer, Inc."
TICO
Achievement Matters
"NVISION, division of North American Corporation"
Wise
Dynalectric
"Electronics, Manufacturing"
Dershimer Insurance Agency
"Automotive, Logistics"
Shelby Mechanical
"Vee-Jay Cement Contracting Co., Inc."
Tysinger Motor Company
Priority Envelope
Postler & Jaeckle Corp.
"Municipal Employees Credit Union of Baltimore, Incorporated"
Pioneer Bank
Spring Lake Park Schools
"Real Estate, Transportation"
Camelback Toyota
"Agriculture, Manufacturing"
Dependable Auto Shippers
Patterson Belknap Webb & Tyler
Grandview Products
Union Jack's British Pub
Donnelly Communications
Nuvera
"Professional Research Consultants, Inc."
Structural Component Systems
Kirby Building Systems
Gurtz Electric
"Bayer Built Woodworks, Inc"
On Top of the World Communities
Veterans Enterprise Technology Solutions (VETS) Inc.
Pierce Education Properties
Logistics
GAI-Tronics Corporation
GBW Railcar Services
"Health Care, Hospital"
Real Estate
"Automotive, Health Care"
Lou Sobh Automotive
Cardiology Consultants of Philadelphia
Barker Pacific Group
Jameson Commercial
"Energy, Renewable Energy"
Elder Services of the Merrimack Valley
862.
AequiCap
Don Beyer Volvo
Fredrix Artist Canvas
Technology Conservation Group
Chicago Tube & Iron
Coyote Ugly Saloon
Neal Electric
Lyon
Hillcrest Family Services
Ringler Associates
Multisource Manufacturing LLC
Wausau Tile
Warwick Plumbing & Heating
Curt G Joa
"Fitzpatrick, Cella, Harper & Scinto"
Real Estate
Valdez International Corporation
Mcrae Inds Cl A
EES
ESAPCO
Mid-States Aluminum Corp.
ZealSoft Business Solutions
Ulmer & Berne
—
Cincinnati Eye Institute
Town Residential
"NYCE Payments Network, LLC"
"Automotive, Logistics"
"Fitness, Health Care"
Pure TalkUSA Holdings
Real Estate
InfoAppenders
"Nelson Westerberg, Inc"
"Midasco, LLC"
Toyota of Naperville
Coakley & Williams Hotel Management Company
Schlouch Incorporated
Structural Steel Services Inc.
W3R Consulting
Valley Wide Beverage
Tlc
"Human Resources, Staffing Agency"
"KDH Defense Systems, Inc."
Information Technology
Satco
Central Minnesota Credit Union
GeoControl Systems
Bradley Real Estate
Tru Vue
"Hornady Transportation, LLC"
Stark & Stark
Matric Limited
SPIROL
Sam Carbis Solutions Group
Phillips Lytle LLP
SOFX
Western State Bank
Minitubes
Agent Legal
Magee Rehabilitation
HB&G Building Products
Real Estate
Telecommunications
CeramTec North America
McDavid
Gibco Motor Express
Inspire Center Solutions
Community Housing Partners Corporation
TCW
Marshall & Sterling Enterprises
Pursuit of Excellence
"Banking, Financial Services, Insurance, Security"
TVFCU
"Advertising, Government"
Ntk Precision Axle
"Tokusen USA, Inc"
Nolan Real Estate Services
"Frank Lill & Son, Inc."
So Others Might Eat
Manufacturing
APCU
Manufacturing
"Information Technology, Manufacturing"
Thompson Engineering
SPX Heat Transfer LLC
"J. Ranck Electric, Inc."
Signet Maritime Corporation
Worth Investment Group
Florida Luxury Realty
"Computer, Consumer Electronics, Electronics, Manufacturing"
Morgan Corp.
"CRM, Information Technology"
Sauder
"Central Maintenance and Welding, Inc."
"Wilentz, Goldman & Spitzer, P.A."
Bodine Electric of Decatur
Southern Staircase
Cornerstone Bank
F&M Trust
Real Estate
Waldemar S. Nelson & Co.
United Enertech
Dove Healthcare - Wissota Health and Regional Vent Center
Real Estate
Z-Axis Tech Solutions Inc.
HealthQuest Physical Therapy and Medical Fitness
EE Technologies
Judson Services
Corbin Russwin
Brunswick Auto Mart
Point Medical Corporation
SMEUSA
Taylor Forge Engineered Systems
CPPI
Alexandria Toyota
Paragon D&E
"Critchfield Mechanical, Inc."
Bard Materials
631.
Diversified Roofing
"Universal Recycling Technologies, LLC."
Oneida Health
North Atlantic
"Health Care, Insurance"
—
Terra Universal
Geary Pacific Supply
FSIoffice
Bay Cities Paving & Grading
Wall Colmonoy
Superior Tire & Rubber Corp
"von Briesen & Roper, s.c."
"Banking, Financial Services, FinTech, Venture Capital"
Windsor Vineyards
"Automotive, Logistics"
Hendrick Honda
"Building Material, Consulting, Government, Real Estate"
Stites & Harbison
Times-Union Media
Irwin Seating Company
Madison Memorial Hospital
The M.K. Morse Company
Storm Shield
Consumers Concrete
Combined Transport
"Financial Services, Information Technology"
Real Estate
"WATERS International Trucks, Truck and Tractor"
"Association, Health Care"
Security Mutual Life Insurance
"Cox, Castle & Nicholson LLP"
Wade Trim
The K&D Group
Huen Electric
Andrus Transportation
Redhook Ale Brewery Inc
Capital for Merchants
Cobra BEC Inc.
Real Estate
Berg Steel Pipe
State Bank of Southern Utah
Orlando Baking Company
"Greensfelder, Hemker & Gale, P.C."
Achieva Credit Union
"Royal Tire, Inc."
Spartan Logistics
Sanders Brothers
Real Estate
"PKF-Mark III, Inc."
"Banking, Financial Services, Insurance"
Unified Investigations & Sciences
Bruker Energy & Supercon Technologies
Crazy Shirts
BAC Florida Bank
Port of Tacoma
"Donjon Marine Co., Inc."
Signs Now
National Recovery Agency
Timberline Lodge & Ski Resort
Andreini & Co
"Hirshfield's, Inc."
"KNME-TV, New Mexico PBS"
BTree Solutions Inc
"Fahrner Asphalt Sealers, LLC."
Taylor Shellfish Farms
"Communities, Software"
Skyworks Equipment
Tactair Fluid Controls Inc.
Edison Lithograph & Printing Corp.
"Countywide Mechanical Systems, Inc."
Association
"Real Estate, Virtual Reality, Wearables"
"Northwest Mechanical, Inc."
Consulting
TTCU
Musco Family Olive
"Building Material, Energy, Real Estate, Renewable Energy, Solar"
Jamco America
CAP Tulsa
Knauz Automotive
"Voss Industries, LLC"
"Burkes Mechanical, Inc."
Kinzler Construction Services
"Manufacturing, Real Estate"
KPM Industries
Pacific Logistics
Sports South LLC
Environmental Products & Services of Vermont
Antelope Oil Tool
"Consumer Electronics, Electronics, Hardware, Manufacturing, Product Design, Web Design"
Atronix
"The Lighthouse for the Blind, Inc."
The International Foundation for Electoral Systems
"Mid-Continental Restoration Company, Inc."
Iroquois Industries Inc.
JWF Industries
Systel Business Equipment
"J.H. Berra Construction Co., Inc."
MGM Industries
"Industrial Steel Construction, Inc."
"Patriot Erectors, Inc."
"Logistics, Transportation"
SmithAmundsen
The Corky McMillin Companies
Blue Sky Therapy
Center For Elders Independence
"Koch Specialty Plant Services, LLC"
Ventech Engineers
DWF
KTGY Architecture + Planning
Consulting
Columbus Distributing
Ernie Els Design
Advertising
Carr Business Systems
Datron World Communications
The Finger Companies
Valveworks USA
Saline Health System
Aluf Plastics
Child Care Aware of America
iFreedom Direct
JBL ELECTRIC INC
Real Estate
Episcopal Academy
—
"Banking, Financial Services, Venture Capital"
Arcom Digital
First Security Bank of Batesville
Western Beverage
Consulting
POAH Communities
"Weastec, Inc."
Bonland Industries
Mesker Openings Group
Las Colinas Medical Center
Town East Ford
BCH Mechanical Inc.
SMIL
Navarro Research and Engineering
Kaysun Corporation
BNH Property Management
MWRI
Pacific Choice
Southwest Transplant Alliance
"Burnette Foods, Inc."
"Automotive, Logistics, Manufacturing"
International Fire Protection
"Building Material, Real Estate"
Duphil
S & M Moving Systems
Maudlin International Truck & Trailer
CBG Building Company
Armando Montelongo Companies
Real Estate
Wayne Memorial Hospital
VMD
Total Resource Auctions
CF Real Estate Services
Vertical Limit
Pieper-Houston Electric
Van Groningen & Sons
Modern Transportation Services
United Entertainment
Dorfman Pacific
"COST of Wisconsin, Inc."
Cagwin & Dorward
RQ Construction
Columbus Equipment Company
AMACS Process Tower Internals
"Jofco, Inc."
Mercury Products
Pacific Aviation
"Building Material, Real Estate"
Bristol Alliance of Companies
Keller Williams McLean | Great Falls
Ritz Craft Custom Homes
Williams Bros. Health Care Pharmacy
Christenson Electric
BookkeeperGirl
Comfort Windows
Hospice of Michigan
Port Nola
"Titan Transfer, Inc."
TICO
Achievement Matters
"NVISION, division of North American Corporation"
Wise
Dynalectric
"Electronics, Manufacturing"
Dershimer Insurance Agency
"Automotive, Logistics"
Shelby Mechanical
"Vee-Jay Cement Contracting Co., Inc."
Tysinger Motor Company
Priority Envelope
Postler & Jaeckle Corp.
"Municipal Employees Credit Union of Baltimore, Incorporated"
Pioneer Bank
Spring Lake Park Schools
"Real Estate, Transportation"
Camelback Toyota
"Agriculture, Manufacturing"
Dependable Auto Shippers
Patterson Belknap Webb & Tyler
Grandview Products
Union Jack's British Pub
Donnelly Communications
Nuvera
"Professional Research Consultants, Inc."
Structural Component Systems
Kirby Building Systems
Gurtz Electric
"Bayer Built Woodworks, Inc"
On Top of the World Communities
Veterans Enterprise Technology Solutions (VETS) Inc.
Pierce Education Properties
Logistics
GAI-Tronics Corporation
GBW Railcar Services
"Health Care, Hospital"
Real Estate
"Automotive, Health Care"
Lou Sobh Automotive
Cardiology Consultants of Philadelphia
Barker Pacific Group
Jameson Commercial
"Energy, Renewable Energy"
Elder Services of the Merrimack Valley
862.
AequiCap
Don Beyer Volvo
Fredrix Artist Canvas
Technology Conservation Group
Chicago Tube & Iron
Coyote Ugly Saloon
Neal Electric
Lyon
Hillcrest Family Services
Ringler Associates
Multisource Manufacturing LLC
Wausau Tile
Warwick Plumbing & Heating
Curt G Joa
"Fitzpatrick, Cella, Harper & Scinto"
Real Estate
Valdez International Corporation
Mcrae Inds Cl A
EES
ESAPCO
Mid-States Aluminum Corp.
ZealSoft Business Solutions
Ulmer & Berne
—
Cincinnati Eye Institute
Town Residential
"NYCE Payments Network, LLC"
"Automotive, Logistics"
"Fitness, Health Care"
Pure TalkUSA Holdings
Real Estate
InfoAppenders
"Nelson Westerberg, Inc"
"Midasco, LLC"
Toyota of Naperville
Coakley & Williams Hotel Management Company
Schlouch Incorporated
Structural Steel Services Inc.
"Automotive, Logistics, Manufacturing"
Corna Kokosing
First National Bank of Paragould
Midwest Manufacturing
Westside Mechanical Group
Great Falls Marketing
Real Estate
Westak
"Coastal Bridge Company, L.L.C. #asphaltbabe"
Community Dental Care
"Berry Bros. General Contractors, Inc."
Darr Equipment
Orscheln Products LLC
Clearview Federal Credit Union
MOD-PAC Corp
Metro Services Group
"Advertising, Information Technology, Manufacturing, Telecommunications"
"Consulting, Financial Services, Real Estate"
"VMTurbo, Inc."
Sadoff Iron and Metal
Real Estate
Luxfer Gas Cylinders
Bathroom Contractors
Keystone Health
Ecolodge Adventures
"Rutan & Tucker, LLP"
"Delivery, Food and Beverage"
Dakota Performance Solutions
TownBank Mortgage
SECO Energy
Denier Electric Company Inc
"Energy, Renewable Energy"
32BJ Benefits Funds
Hospice Austin
MTS Seating
"Banking, Financial Services"
"Electronics, Manufacturing, Product Design"
West Central Missouri Community Action Agency
Orleans Community Health
Midwest Block & Brick
"Education, Real Estate"
Proven Business Systems
—
Real Estate
CrepeMaker
Lifewell
Boutwell Owens
The Evans Agency
Real Estate
Credit Union ONE
Knight Barry Title Group
Real Estate
Rockwell Trading Services LLC
"U.S. Facilities, Inc."
Veritas Steel LLC
Ivinson Memorial Hospital
WizScibe
Greater Lakes Mental Healthcare
Carlisle Etcetera LLC
Consolidated Rigging & Lifting Products
Navajo Agricultural Products Industry
"Imperial Security, LLC."
TCM Corp.
"J.V. Manufacturing, Inc."
Real Estate
Dayton Rogers Mfg
"DRMP, Inc."
"Manufacturing, Real Estate"
Field Aviation
Rihm Kenworth
Real Estate
Comatrol [Member of the Danfoss Group]
York Container Company
Avi Resort & Casino
Futura Title & Escrow
Automotive
Mojave Electric
Consulting
Mental Health Cooperative
The Worthing Companies
NTS Development
Keith Zars Pools
Milkco
"Customer Service, Direct Marketing, Lead Generation, Outsourcing"
Association
Precision Concrete Materials LLC
Tulsa Spine & Specialty Hospital
HQ Pack Inc.
Mistequay Group Ltd
Network Equipment Dealers
"Consulting, Real Estate"
Monitor Medical
Cognos HR
Hobbs & Associates
Townley
J&J Ventures
MEORC
Manufacturing
Texas Alcoholic Beverage Commission
Kentwood Real Estate
Tishcon Corp.
Tulley Automotive Group
HDR | ICA
Englewood Community Hospital
Ace Industrial Supply
Plunkett Cooney
Rennes Group
Stahlbush Island Farms Inc
"Advertising, Marketing"
"Harbor Health Services , Inc."
Schneider Mills
"Information Technology, Software"
Psychotherapeutic Services
Kohll's Pharmacy & HomeCare
Kidango
PAI
SAIsystems Health
"News, Sports"
Standard Laboratories
Area Agency on Aging 1-B
Polymer Industries
The Benjamin Companies
Alliance Precision Plastics
Loyola Academy
"Information Technology, Software"
"Communities, Real Estate"
Dynasty Real Estate
First Citizens Bank
East Noble School Corporation
Bariatric Advantage
Advantech B+B SmartWorx
Lyerly Funeral Home
Hospitality
Fiberlock Technologies
OPW Fluid Transfer Group
Cheeseman LLC
Real Estate
Center Theatre Group
Sheraton Sand Key Resort
Real Estate
Regional Information Sharing Systems
Government
All Good Reporters
Cargo Solution Express Inc
Manufacturing
Valley Yellow Pages
Univera Healthcare
Real Estate Investment
"Universal Technical Resource Services, Inc."
Cox Petroleum Transport
The Armor Group
Sintel Systems
Elkay Interior Systems
WILDENå¨
Idaho Parents Unlimited
"Park Industries, Inc."
Amfuel
Gulf Coast Pre-Stress
M-B Companies
Celltron
Professional Investors
62.
Tornado Bus Company
Pacific Steel & Recycling
GOMACO
Women's Health Texas
"Advanced Science's and Technologies, LLC"
Capital Digestive Care
Fry Reglet Corporation
Columbia Insurance Group
Bemis Associates Inc
BTI Security
NMG Aerospace
Michigan City Area Schools
"Industrial Fabricators, Inc."
"Burnetti, P.A."
"Bailey Industries, Inc."
"Building Material, Construction, Manufacturing"
All Building Cleaning
"Facility Masters, Inc."
ACI Consulting
Real Estate
"Universal Metal Products, Inc."
BCI Solutions
Aspel
Sampco
Supreme Roofing Systems
ExecuHome Realty
Muscatine Power and Water
Hilco Valuation Services
AMA Phoenix Chapter
Hardwood Products Company
93.
PriMED Physicians
Fleenor Paper Company
Kinex Medical Company
Belvac
The Blake School
Hapman
Texas Medical Board
Education
Meurer
Smithers-Oasis Company
John Jory Corporation
Central Valley School District
Farmers Mutual Insurance Company of Nebraska
