name,domain
SPR Therapeutics,www.sprtherapeutics.com
LevelEleven,www.leveleleven.com
Kaptivo,www.kaptivo.com
Boost Payment Solutions,www.boostb2b.com
Trucker Tool,www.truckertools.comhome
eMindful,www.emindful.com
Shiftgig,www.shiftgig.com
500Friends,www.500Friends.com
Full Circle Insights,www.fullcircleinsights.com
Worksmith,www.worksmith.com
HealthPrize Technologies,www.healthprize.com
Eved,www.eved.com
InCrowd,www.incrowdnow.com
Numecent,www.numecent.com
AavGo,www.aavgo.com
GTxcel,www.GTxcel.com
Akoonu,www.akoonu.com
Workgroups DaVinci,www.workgroups.com
Qbox,www.qbox.com
Limos.com,www.limos.com
CosmoLex,www.cosmolex.com
ZeroNorth,www.zeronorth.io
Root Level Technology,www.rootleveltech.com
DecisionDesk,www.decisiondesk.com
LeaseQ,www.leaseq.com
Salesvue,www.salesvue.com
FileFacets,www.filefacets.com
Business Capital,www.bizcap.com
Powderhook,www.powderhook.com
LogicManager,www.logicmanager.com
Applied Data Corp,www.applieddatacorp.com
Central Reach,www.centralreach.com
Vizinex RFID,www.vizinexrfid.com
Urbandoor,www.urbandoor.com
Givelify,www.givelify.com
Printfection,www.printfection.com
NPI,www.npisorters.com
PSC,www.proservicescorp.com
Flowroute,www.flowroute.com
Full Swing Golf,www.fullswinggolf.com
Registria,www.registria.com
Diesel Laptops,www.diesellaptops.com
DirectDefense,www.directdefense.com
Tallie,www.tallie.com
Listen360,www.listen360.com
Red Giant Software,www.redgiant.com
Managecore,www.managecore.com
Veristream,www.veristream.com
BIOCOM,www.biocom.org
Godlan,www.godlan.com
Entrinsik,www.entrinsik.com
Screening One,www.screeningone.com
FreightPros,www.freightpros.com
EventBooking,www.EventBooking.com
WolfNet Technologies,www.wolfnet.com
Techweek,www.techweek.com
Surfrider Foundation,www.surfrider.org
Grist,www.grist.org
ColoGuard,www.colocationguard.com
HealthWare Systems,www.healthwaresystems.com
MedPro Disposal,www.medprodisposal.com
RezStream,www.RezStream.com
Firmatek,www.firmatek.com
Innsoft,www.innsoft.com
AccessIT Group,www.accessitgroup.com
Dealers United,www.dealersunited.com
Multimedia Plus,www.multimediaplus.com
Deephaven Mortgage LLC,www.deephavenmortgage.com
CommunityForce,www.communityforce.com
Paragon Laboratories,www.paragonlabsusa.com
ACOM Health,www.acomhealth.com
Chalkbeat,www.chalkbeat.org
ReServe Interactive,www.reserveinteractive.com
Compudata Services,www.compudata.com
FeedOtter,www.feedotter.com
c-Systems Software,www.csystemssoftware.com
MediaMax Network,www.mediamaxnetwork.com
Greyson Technologies,www.greyson.com
Charter Software,www.chartersoftware.com
Riverbridge Partners,www.riverbridge.com
SAFER Systems,www.safersystem.com
Sable Systems International,www.sablesys.com
Streamline Solutions,www.streamlinephilly.com
Online Lenders Alliance,www.onlinelendersalliance.org
Ferrazzi Greenlight,www.ferrazzigreenlight.com
Selah House,www.selahhouse.com
OmegaCor Technologies,www.omegacorit.com
American Legislative Exchange Council,www.alec.org
Merchant Capital Source,www.merchantcapitalsource.com
Shop Eat Surf,www.shop-eat-surf.com
Apex Advanced Technology,www.apexadvancedtech.com
AtHomeNet,www.athomenet.com
Corrao Group,www.corraogroup.com
Thanx Media,www.thanxmedia.com
VALiNTRY,www.VALiNTRY.com
Virtual-Q,www.virtual-q.com
Outdoor Industry Association,www.outdoorindustry.org
Laughing Samurai,www.laughingsamurai.com
Trust Company of Illinois,www.tcwealthpartners.com
Innovative Lease Services,www.ilslease.comequipment-leaseindex.html
Arketi Group,www.arketi.com
Kelar Pacific,www.kelarpacific.com
Save The Bay,www.savesfbay.org
Menttium Corporation,www.menttium.com
Gelesis,www.gelesis.com
Novarica,www.novarica.com
Software Consulting Associates,www.municitysoftware.com
Association of Schools and Programs of Public Health,www.aspph.org
Hixardt,www.hixardt.com
Cimquest Manufacturing Solutions,www.cimquest-inc.com
MortgageMapp,www.mortgagemapp.com
TDG Research,www.tdgresearch.com
Vida Jets,www.vidajets.com
MadDash E-Media,www.maddash.net
Ecreative Internet Marketing,www.ecreativeim.com
Bridge Languages,www.bridgelanguages.com
Digital Transitions,www.digitaltransitions.com
Reactful,www.reactful.com
Snapshot Interactive,www.snapshotinteractive.com
Sendio,www.sendio.com
eHealthCare Solutions,www.ehealthcaresolutions.com
Rebel Interactive Group,www.rebelinteractivegroup.com
Team4Tech Foundation,www.team4tech.org
Press-Citizen.com,www.press-citizen.com
Courier-Post,www.courierpostonline.com
Surface Media,www.surfacemedia.com
P1 Technologies,www.p1technologies.com
HackerRank,www.hackerrank.com
The Muse,www.themuse.com
Cumulus Networks,www.cumulusnetworks.com
Poppin,www.poppin.com
RedPoint Global,www.redpointglobal.com
LendKey Technologies,www.
JustFoodForDogs,www.justfoodfordogs.com
RPost,www.rpost.com
WaveMaker,www.wavemaker.com
Enquero,www.enquero.com
Cape Cod Times,www.capecodtimes.com
Revenue Well Systems,www.revenuewell.com
United Way of Central Maryland,www.uwcm.org
DC Comics,www.dccomics.com
Shift,www.SHIFT.com
Connect Marketing,www.connectmarketing.com
BioPlus Specialty Pharmacy,www.bioplusrx.com
Healthy Paws Pet Insurance,www.healthypawspetinsurance.com
NeoMed Inc,www.neomedinc.com
Philadelphia Eagles,www.philadelphiaeagles.com
SolarTech,www.solartechonline.com
Govberg Jewelers,www.govbergwatches.comblog
Catalysis,www.catalysis.com
Berkshire Hathaway Travel Protection,www.bhtp.com
HJ Sims,www.hjsims.com
NinjaTrader Ecosystem,www.ninjatraderecosystem.com
Wholesale Screening Solutions,www.wholesalescreening.com
Gallery Furniture,www.galleryfurniture.com
Berkley Select,www.berkleyselect.com
Naples Daily News,www.naplesnews.com
Red Rocks Credit Union,www.redrocks.org
National Inventors Hall of Fame,www.invent.org
Diveplane,www.diveplane.com
Filson,www.filson.com
RiskAnalytics,www.riskanalytics.com
Exclusive Resorts,www.exclusiveresorts.com
LiteScape Technologies,www.litescape.com
Fusion Risk Management,www.fusionrm.com
Inbound Marketing Results Inc.,www.
CommLink,www.commlink.co.uk
Imagine Health,www.imaginehealth.com
BrainCheck,www.braincheck.com
Mercator Advisory Group,www.mercatoradvisorygroup.com
3C Software,www.3csoftware.com
Any Lab Test,www.anylabtestnow.com
Core Business Solutions,www.thecoresolution.com
Chips Technology Group,www.chipstechnologygroup.com
The Food Channel,www.foodchannel.com
Protochips,www.protochips.com
Tempo Creative,www.tempocreative.com
CommonPlaces,www.commonplaces.com
Acquisition Technologies,www.atllc.com
enosiX,www.enosix.com
TranscriptionStar,www.transcriptionstar.com
Pathway Lending,www.pathwaylending.org
Catalyst Connection,www.catalystconnection.org
RevolutionParts,www.revolutionparts.com
Energy Acuity,www.energyacuity.com
BluLogix LLC,www.blulogix.com
Strata Company,www.gostrata.com
Dentrix Ascend,www.dentrixascend.com
HRMS Solutions,www.hrmssolutions.com
Starline,www.provafacilnaweb.com.br
Right Source Marketing,www.rightsourcemarketing.com
Infocore,www.infocore.com
Beyond Web Intertactive,www.thisisbeyond.com
The International Association for the Study of Lung Cancer,www.iaslc.org
Wealthfront,www.wealthfront.com
Education Management Solutions,www.simulationiq.com
ZeeBlu,www.ZeeBlu.com
Adaptive Computing,www.adaptivecomputing.com
Leostream,www.leostream.comindex.php
Netchannels,www.netchannels.comindex.html
PIN Business Network,www.pinbusinessnetwork.com
Geopointe,www.geopointe.com
UltraShipTMS,www.ultrashiptms.com
Magnolia Medical Technologies,www.magnolia-medical.com
Euclid Systems,www.euclidsys.com
Mobile Marketing Association,www.mmaglobal.com
Agile Frameworks,www.agileframeworks.com
The Traffic Safety Store,www.trafficsafetystore.com
Digital Clarity Group,www.digitalclaritygroup.com
Mission Critical Facilities International,www.missioncriticalgroup.com
Houston Press,www.houstonpress.com
Elite Meetings International,www.elitemeetings.com
The Clarion-Ledger,www.clarionledger.com
Terminus,www.terminusapp.com
HealthCore,www.healthcore.com
AlertOps,www.alertops.com
